,#Gc,logAge,[M/H],m_ini,logL,logTe,logg,m-M0,Av,m2/m1,mbol,TESS,J,H,Ks,Mact
0,1,8.15,-0.11,0.1212,-2.498,3.494,4.942,9.5,0.038,0.0,20.515,20.287,18.599,18.071,17.817,0.121
1,1,8.49,-0.05,0.0657,-3.331,3.384,5.068,6.6,0.028,0.0,19.697,20.047,17.543,16.977,16.673,0.066
2,1,8.55,0.27,0.20389,-2.243,3.531,5.062,9.7,0.038,0.0,20.078,19.735,18.24,17.702,17.468,0.204
3,1,8.63,0.21,0.56508,-1.245,3.604,4.799,12.8,0.038,0.0,20.683,20.203,19.018,18.347,18.22,0.565
4,1,8.71,0.19,0.52219,-1.349,3.595,4.829,7.7,0.034,0.0,15.843,15.374,14.138,13.493,13.353,0.522
5,1,8.75,-0.07,0.15267,-2.44,3.507,5.034,6.5,0.027,0.0,17.371,17.096,15.478,14.95,14.704,0.153
6,1,8.77,0.29,0.22231,-2.176,3.535,5.047,6.1,0.025,0.0,16.309,15.949,14.477,13.937,13.705,0.222
7,1,8.79,-0.09,0.25789,-2.01,3.558,5.038,8.3,0.036,0.0,18.096,17.674,16.325,15.765,15.551,0.258
8,1,8.79,-0.05,0.30813,-1.871,3.565,5.003,8.5,0.036,0.0,17.947,17.509,16.183,15.619,15.419,0.308
9,1,8.79,0.21,0.17244,-2.385,3.51,5.045,7.9,0.035,0.0,18.633,18.355,16.743,16.219,15.974,0.172
10,1,8.87,-0.13,0.25489,-2.012,3.56,5.042,8.5,0.036,0.0,18.3,17.871,16.536,15.975,15.765,0.255
11,1,8.87,-0.05,0.18396,-2.316,3.53,5.084,10.1,0.038,0.0,20.661,20.32,18.824,18.284,18.05,0.184
12,1,8.89,-0.13,0.12512,-2.705,3.487,5.133,7.2,0.032,0.0,18.731,18.523,16.796,16.261,16.009,0.125
13,1,8.97,0.03,0.36815,-1.719,3.571,4.952,8.9,0.037,0.0,17.966,17.52,16.2,15.631,15.445,0.368
14,1,9.03,0.11,0.12617,-2.802,3.474,5.182,8.3,0.036,0.0,20.075,19.922,18.097,17.573,17.311,0.126
15,1,9.09,-0.11,0.1487,-2.579,3.502,5.143,6.2,0.026,0.0,17.418,17.154,15.518,14.984,14.738,0.149
16,1,9.13,0.01,0.2251,-2.141,3.545,5.058,10.4,0.038,0.0,20.522,20.143,18.72,18.17,17.94,0.225
17,1,9.13,0.07,0.30992,-1.878,3.559,4.989,10.2,0.038,0.0,19.664,19.25,17.885,17.322,17.112,0.31
18,1,9.13,0.35,0.22679,-2.158,3.536,5.042,7.0,0.031,0.0,17.164,16.805,15.336,14.795,14.563,0.227
19,1,9.17,-0.31,0.22231,-2.099,3.563,5.082,6.5,0.027,0.0,16.518,16.06,14.771,14.212,14.006,0.222
20,1,9.17,-0.01,0.1113,-2.92,3.467,5.217,8.1,0.035,0.0,20.169,20.044,18.172,17.644,17.382,0.111
21,1,9.17,0.31,0.25789,-2.049,3.543,5.014,8.5,0.036,0.0,18.392,18.02,16.582,16.033,15.802,0.258
22,1,9.17,0.35,0.30813,-1.898,3.553,4.982,8.7,0.037,0.0,18.214,17.82,16.425,15.865,15.643,0.308
23,1,9.19,-0.19,0.67104,-0.885,3.653,4.71,7.2,0.032,0.0,14.182,13.625,12.686,12.061,11.966,0.671
24,1,9.19,-0.11,0.47068,-1.435,3.596,4.876,9.6,0.038,0.0,17.957,17.452,16.285,15.66,15.516,0.471
25,1,9.19,0.01,0.15307,-2.561,3.5,5.131,9.4,0.038,0.0,20.572,20.324,18.662,18.138,17.89,0.153
26,1,9.21,-0.19,0.77099,-0.607,3.691,4.643,8.7,0.037,0.0,14.987,14.401,13.605,13.095,13.022,0.771
27,1,9.21,-0.15,0.64312,-0.973,3.642,4.734,4.6,0.015,0.0,11.803,11.246,10.269,9.624,9.523,0.643
28,1,9.21,0.03,0.30763,-1.877,3.561,4.991,9.9,0.038,0.0,19.363,18.944,17.588,17.024,16.817,0.308
29,1,9.21,0.21,0.21455,-2.202,3.534,5.052,9.7,0.038,0.0,19.975,19.626,18.142,17.602,17.369,0.215
30,1,9.25,-0.23,2.2097,-1.082,4.427,8.016,9.8,0.038,0.0,17.274,20.198,20.55,20.685,20.762,0.698
31,1,9.25,0.27,0.25489,-2.057,3.542,5.015,7.5,0.033,0.0,17.413,17.041,15.6,15.053,14.822,0.255
32,1,9.25,0.35,0.18396,-2.367,3.517,5.085,9.1,0.037,0.0,19.787,19.485,17.916,17.386,17.147,0.184
33,1,9.27,-0.27,0.25091,-1.998,3.567,5.05,6.9,0.03,0.0,16.664,16.198,14.92,14.36,14.162,0.251
34,1,9.27,-0.19,0.48187,-1.39,3.603,4.869,12.8,0.038,0.0,21.045,20.527,19.402,18.768,18.632,0.482
35,1,9.27,-0.07,0.78921,-0.592,3.689,4.629,8.8,0.037,0.0,15.051,14.463,13.658,13.141,13.067,0.789
36,1,9.27,0.03,0.17319,-2.423,3.516,5.11,7.6,0.034,0.0,18.428,18.127,16.553,16.024,15.784,0.173
37,1,9.27,0.09,2.13621,-2.536,4.105,8.193,8.1,0.035,0.0,19.21,20.082,20.207,20.28,20.301,0.717
38,1,9.29,-0.51,0.3078,-1.769,3.596,5.024,10.2,0.038,0.0,19.393,18.856,17.743,17.162,17.002,0.308
39,1,9.31,-0.33,0.51522,-1.272,3.618,4.841,7.7,0.034,0.0,15.649,15.115,14.059,13.416,13.288,0.515
40,1,9.31,-0.21,0.29591,-1.872,3.572,5.016,9.0,0.037,0.0,18.451,17.979,16.712,16.148,15.959,0.296
41,1,9.31,-0.11,1.27205,0.534,3.82,4.235,10.2,0.038,0.0,13.635,13.203,12.812,12.618,12.591,1.272
42,1,9.31,0.13,0.12541,-2.81,3.472,5.182,9.0,0.037,0.0,20.796,20.65,18.815,18.29,18.028,0.125
43,1,9.31,0.45,0.30646,-1.901,3.553,4.982,8.1,0.035,0.0,17.622,17.228,15.832,15.271,15.049,0.306
44,1,9.33,-0.25,1.20166,0.476,3.826,4.292,10.2,0.038,0.0,13.779,13.374,12.995,12.809,12.784,1.202
45,1,9.33,-0.19,0.27336,-1.943,3.567,5.031,8.3,0.036,0.0,17.928,17.473,16.179,15.616,15.418,0.273
46,1,9.33,0.07,1.33614,0.589,3.807,4.15,7.8,0.034,0.0,11.099,10.618,10.198,9.985,9.955,1.336
47,1,9.35,-0.31,0.6376,-0.938,3.651,4.731,8.2,0.036,0.0,15.315,14.763,13.816,13.186,13.089,0.638
48,1,9.35,-0.29,0.15012,-2.545,3.511,5.149,8.4,0.036,0.0,19.532,19.239,17.671,17.12,16.879,0.15
49,1,9.35,-0.23,0.09891,-3.076,3.455,5.274,7.9,0.035,0.0,20.361,20.276,18.345,17.795,17.553,0.099
50,1,9.35,-0.05,0.85409,-0.424,3.712,4.588,6.9,0.03,0.0,12.729,12.132,11.415,10.969,10.906,0.854
51,1,9.37,-0.03,0.69779,-0.856,3.651,4.686,8.4,0.036,0.0,15.309,14.757,13.801,13.163,13.068,0.698
52,1,9.37,-0.01,0.7437,-0.731,3.667,4.655,13.1,0.038,0.0,19.698,19.127,18.236,17.649,17.564,0.744
53,1,9.37,0.05,0.53194,-1.304,3.602,4.822,11.1,0.038,0.0,19.13,18.634,17.471,16.813,16.683,0.532
54,1,9.39,-0.49,0.19155,-2.205,3.563,5.122,9.8,0.038,0.0,20.083,19.622,18.353,17.795,17.585,0.192
55,1,9.39,-0.31,0.23839,-2.036,3.567,5.065,9.8,0.038,0.0,19.66,19.197,17.922,17.361,17.161,0.238
56,1,9.39,-0.19,0.16541,-2.448,3.52,5.131,9.2,0.037,0.0,20.09,19.77,18.242,17.698,17.46,0.165
57,1,9.39,0.05,0.70341,-0.856,3.648,4.678,6.9,0.03,0.0,13.811,13.258,12.289,11.647,11.55,0.703
58,1,9.39,0.23,0.16341,-2.51,3.501,5.11,10.1,0.038,0.0,21.145,20.897,19.236,18.713,18.464,0.163
59,1,9.41,-0.17,1.19367,0.436,3.814,4.281,5.9,0.024,0.0,9.579,9.13,8.725,8.518,8.491,1.194
60,1,9.41,-0.03,1.08949,0.157,3.78,4.385,10.0,0.038,0.0,14.377,13.853,13.352,13.075,13.039,1.089
61,1,9.41,-0.01,0.56506,-1.211,3.612,4.796,8.0,0.035,0.0,15.798,15.286,14.177,13.511,13.388,0.565
62,1,9.41,0.01,1.62939,-1.895,4.236,8.034,9.0,0.037,0.0,18.507,20.218,20.445,20.543,20.587,0.646
63,1,9.41,0.05,0.08902,-3.289,3.416,5.288,7.8,0.034,0.0,20.792,20.927,18.677,18.13,17.856,0.089
64,1,9.41,0.09,0.38957,-1.659,3.572,4.922,9.7,0.038,0.0,18.617,18.176,16.844,16.272,16.09,0.39
65,1,9.43,0.05,0.42413,-1.568,3.58,4.899,11.4,0.038,0.0,20.091,19.631,18.339,17.754,17.586,0.424
66,1,9.45,-0.53,0.31569,-1.737,3.599,5.016,9.5,0.038,0.0,18.613,18.069,16.972,16.388,16.232,0.316
67,1,9.45,-0.33,0.11136,-2.886,3.481,5.24,8.8,0.037,0.0,20.786,20.595,18.849,18.29,18.049,0.111
68,1,9.45,-0.31,0.15432,-2.512,3.516,5.147,10.1,0.038,0.0,21.15,20.841,19.302,18.749,18.51,0.154
69,1,9.45,-0.03,1.35743,0.681,3.795,4.014,8.6,0.037,0.0,11.667,11.17,10.71,10.468,10.435,1.357
70,1,9.45,0.03,0.20015,-2.234,3.539,5.074,8.3,0.036,0.0,18.656,18.292,16.836,16.292,16.061,0.2
71,1,9.45,0.05,0.15426,-2.557,3.5,5.127,8.5,0.036,0.0,19.661,19.416,17.75,17.226,16.977,0.154
72,1,9.45,0.13,0.54615,-1.275,3.602,4.806,9.6,0.038,0.0,17.556,17.07,15.892,15.226,15.097,0.546
73,1,9.45,0.29,0.94044,-0.259,3.724,4.514,9.9,0.038,0.0,15.317,14.706,14.033,13.638,13.578,0.94
74,1,9.47,-0.39,0.63632,-0.91,3.657,4.725,10.3,0.038,0.0,17.346,16.791,15.866,15.253,15.159,0.636
75,1,9.47,-0.37,0.12298,-2.778,3.492,5.22,8.8,0.037,0.0,20.515,20.283,18.612,18.051,17.81,0.123
76,1,9.47,-0.27,0.80706,-0.454,3.717,4.611,8.5,0.036,0.0,14.404,13.821,13.116,12.679,12.618,0.807
77,1,9.47,-0.05,0.57957,-1.162,3.618,4.783,12.7,0.038,0.0,20.374,19.857,18.776,18.106,17.987,0.58
78,1,9.47,-0.01,0.22411,-2.14,3.546,5.058,10.8,0.038,0.0,20.919,20.537,19.12,18.569,18.339,0.224
79,1,9.47,0.09,0.23625,-2.105,3.544,5.037,9.5,0.038,0.0,19.532,19.157,17.726,17.176,16.945,0.236
80,1,9.49,-0.13,0.50294,-1.344,3.604,4.847,9.8,0.038,0.0,17.93,17.416,16.289,15.646,15.512,0.503
81,1,9.49,-0.03,0.18429,-2.337,3.529,5.1,9.8,0.038,0.0,20.412,20.075,18.57,18.032,17.798,0.184
82,1,9.49,-0.01,0.20644,-2.206,3.542,5.073,8.6,0.037,0.0,18.885,18.512,17.075,16.528,16.297,0.206
83,1,9.49,-0.01,0.15596,-2.537,3.504,5.129,9.4,0.038,0.0,20.514,20.255,18.612,18.086,17.839,0.156
84,1,9.49,0.09,0.95386,-0.191,3.737,4.504,8.8,0.037,0.0,14.048,13.459,12.827,12.454,12.401,0.954
85,1,9.51,-0.41,0.14085,-2.613,3.509,5.18,9.4,0.038,0.0,20.701,20.411,18.845,18.282,18.043,0.141
86,1,9.51,-0.39,0.6476,-0.876,3.661,4.715,8.7,0.037,0.0,15.66,15.101,14.192,13.59,13.499,0.648
87,1,9.51,-0.35,0.16807,-2.406,3.53,5.137,8.4,0.036,0.0,19.186,18.828,17.377,16.821,16.586,0.168
88,1,9.51,-0.27,0.12963,-2.729,3.493,5.199,7.6,0.034,0.0,19.193,18.958,17.285,16.734,16.49,0.13
89,1,9.51,-0.23,0.18754,-2.283,3.542,5.108,8.2,0.036,0.0,18.677,18.292,16.887,16.333,16.101,0.188
90,1,9.51,0.03,0.26852,-1.986,3.553,5.013,8.6,0.037,0.0,18.335,17.934,16.55,15.992,15.769,0.269
91,1,9.53,-0.23,0.20243,-2.184,3.554,5.09,9.7,0.038,0.0,19.93,19.512,18.165,17.607,17.385,0.202
92,1,9.53,-0.21,0.47831,-1.389,3.604,4.867,9.6,0.038,0.0,17.842,17.323,16.202,15.569,15.432,0.478
93,1,9.53,-0.09,0.23987,-2.066,3.554,5.047,10.7,0.038,0.0,20.634,20.224,18.859,18.301,18.08,0.24
94,1,9.53,-0.07,0.11169,-2.909,3.47,5.22,8.5,0.036,0.0,20.544,20.404,18.559,18.026,17.769,0.112
95,1,9.53,-0.01,0.53095,-1.296,3.604,4.822,9.2,0.037,0.0,17.209,16.704,15.562,14.906,14.777,0.531
96,1,9.53,-0.01,0.15398,-2.551,3.502,5.131,9.6,0.038,0.0,20.748,20.494,18.843,18.317,18.07,0.154
97,1,9.55,-0.19,0.27064,-1.948,3.566,5.03,7.9,0.035,0.0,17.54,17.085,15.789,15.227,15.028,0.271
98,1,9.55,-0.13,0.17716,-2.372,3.528,5.115,9.1,0.037,0.0,19.799,19.459,17.964,17.421,17.186,0.177
99,1,9.55,-0.07,0.79813,-0.547,3.695,4.612,13.4,0.038,0.0,19.538,18.947,18.164,17.665,17.594,0.798
100,1,9.55,0.05,0.83751,-0.479,3.698,4.579,10.1,0.038,0.0,16.067,15.47,14.7,14.215,14.145,0.838
101,1,9.57,-0.61,0.17217,-2.327,3.55,5.148,7.9,0.035,0.0,18.487,18.062,16.743,16.179,15.952,0.172
102,1,9.57,-0.61,0.33017,-1.665,3.608,5.001,10.2,0.038,0.0,19.132,18.583,17.521,16.928,16.779,0.33
103,1,9.57,-0.41,0.23971,-2.007,3.574,5.066,9.7,0.038,0.0,19.487,18.994,17.767,17.209,17.02,0.24
104,1,9.57,-0.21,0.18384,-2.312,3.538,5.111,8.6,0.037,0.0,19.149,18.778,17.347,16.795,16.562,0.184
105,1,9.57,-0.19,0.17393,-2.386,3.528,5.122,9.2,0.037,0.0,19.934,19.592,18.105,17.559,17.324,0.174
106,1,9.57,-0.19,1.34083,1.545,3.672,2.654,13.6,0.038,0.0,14.509,13.939,13.062,12.5,12.412,1.341
107,1,9.57,-0.11,1.01003,0.025,3.769,4.439,9.2,0.037,0.0,13.907,13.37,12.833,12.528,12.489,1.01
108,1,9.57,-0.07,0.13973,-2.662,3.493,5.163,9.7,0.038,0.0,21.125,20.901,19.202,18.671,18.421,0.14
109,1,9.59,-0.43,0.16771,-2.395,3.535,5.142,9.3,0.037,0.0,20.057,19.685,18.266,17.706,17.471,0.168
110,1,9.59,-0.29,0.16148,-2.462,3.521,5.14,9.2,0.037,0.0,20.124,19.797,18.289,17.737,17.5,0.161
111,1,9.59,-0.27,0.17545,-2.363,3.533,5.125,10.0,0.038,0.0,20.678,20.317,18.87,18.317,18.083,0.175
112,1,9.59,-0.19,0.16678,-2.437,3.522,5.129,8.1,0.035,0.0,18.962,18.637,17.117,16.572,16.335,0.167
113,1,9.59,-0.05,1.20817,0.468,3.791,4.16,9.0,0.037,0.0,12.599,12.096,11.624,11.371,11.337,1.208
114,1,9.59,-0.01,0.27156,-1.975,3.556,5.017,9.3,0.037,0.0,19.008,18.599,17.228,16.669,16.452,0.272
115,1,9.59,0.03,0.64311,-1.003,3.632,4.723,14.1,0.038,0.0,21.378,20.851,19.817,19.146,19.038,0.643
116,1,9.59,0.05,0.28741,-1.928,3.556,4.995,11.5,0.038,0.0,21.091,20.684,19.309,18.748,18.532,0.287
117,1,9.59,0.09,0.16583,-2.479,3.508,5.113,9.5,0.038,0.0,20.468,20.198,18.575,18.049,17.804,0.166
118,1,9.61,-0.37,0.82049,-0.348,3.735,4.588,9.7,0.038,0.0,15.34,14.774,14.131,13.743,13.69,0.82
119,1,9.61,-0.27,0.44595,-1.458,3.6,4.892,10.1,0.038,0.0,18.516,17.993,16.868,16.247,16.105,0.446
120,1,9.61,-0.23,0.33171,-1.771,3.579,4.993,10.5,0.038,0.0,19.697,19.208,17.977,17.405,17.229,0.332
121,1,9.61,0.23,0.34543,-1.789,3.56,4.953,12.0,0.038,0.0,21.242,20.834,19.458,18.891,18.685,0.345
122,1,9.63,-0.21,0.43409,-1.498,3.595,4.899,10.1,0.038,0.0,18.616,18.106,16.944,16.333,16.184,0.434
123,1,9.63,-0.17,0.11719,-2.85,3.479,5.218,9.1,0.037,0.0,20.996,20.818,19.042,18.5,18.25,0.117
124,1,9.63,-0.11,0.20063,-2.209,3.547,5.082,10.2,0.038,0.0,20.492,20.103,18.704,18.151,17.92,0.201
125,1,9.63,-0.05,0.86523,-0.356,3.721,4.561,9.7,0.038,0.0,15.36,14.77,14.08,13.658,13.599,0.865
126,1,9.63,0.03,0.14404,-2.636,3.492,5.146,8.4,0.036,0.0,19.759,19.539,17.828,17.304,17.051,0.144
127,1,9.63,0.13,0.44233,-1.53,3.58,4.882,9.5,0.038,0.0,18.095,17.645,16.339,15.747,15.582,0.442
128,1,9.63,0.15,1.04946,0.078,3.762,4.374,9.3,0.037,0.0,13.874,13.307,12.754,12.444,12.401,1.049
129,1,9.65,-0.55,1.43604,-2.956,3.98,8.065,7.0,0.031,0.0,19.159,19.331,19.302,19.331,19.322,0.637
130,1,9.65,-0.39,0.23397,-2.033,3.571,5.07,7.1,0.031,0.0,16.952,16.466,15.224,14.666,14.473,0.234
131,1,9.65,-0.31,0.30948,-1.812,3.58,5.009,10.9,0.038,0.0,20.201,19.703,18.492,17.921,17.744,0.309
132,1,9.65,-0.27,0.75912,-0.568,3.699,4.627,9.7,0.038,0.0,15.89,15.304,14.536,14.048,13.979,0.759
133,1,9.65,-0.25,0.41144,-1.546,3.593,4.916,9.9,0.038,0.0,18.536,18.025,16.86,16.258,16.104,0.411
134,1,9.65,-0.21,0.11087,-2.902,3.475,5.232,9.0,0.037,0.0,21.026,20.859,19.066,18.519,18.271,0.111
135,1,9.65,-0.17,0.41946,-1.541,3.59,4.908,8.3,0.036,0.0,16.923,16.423,15.23,14.63,14.473,0.419
136,1,9.65,-0.17,0.25091,-2.008,3.562,5.038,11.6,0.038,0.0,21.391,20.954,19.633,19.072,18.864,0.251
137,1,9.65,-0.13,0.71364,-0.757,3.666,4.659,10.4,0.038,0.0,17.062,16.494,15.601,15.012,14.925,0.714
138,1,9.65,-0.03,0.14982,-2.578,3.499,5.135,10.0,0.038,0.0,21.214,20.968,19.305,18.778,18.529,0.15
139,1,9.65,-0.01,1.09752,0.273,3.779,4.267,9.4,0.038,0.0,13.488,12.96,12.455,12.176,12.139,1.098
140,1,9.65,0.19,0.15767,-2.548,3.496,5.115,9.6,0.038,0.0,20.741,20.507,18.821,18.298,18.047,0.158
141,1,9.67,-0.55,0.40507,-1.495,3.613,4.938,10.3,0.038,0.0,18.807,18.263,17.209,16.599,16.458,0.405
142,1,9.67,-0.49,0.41903,-1.476,3.61,4.923,11.6,0.038,0.0,20.061,19.519,18.453,17.841,17.7,0.419
143,1,9.67,-0.35,0.19528,-2.205,3.556,5.104,10.2,0.038,0.0,20.483,20.051,18.732,18.173,17.953,0.195
144,1,9.67,-0.17,0.31914,-1.811,3.574,4.995,9.1,0.037,0.0,18.398,17.925,16.658,16.092,15.908,0.319
145,1,9.67,-0.17,0.3932,-1.608,3.585,4.929,9.6,0.038,0.0,18.39,17.898,16.682,16.093,15.929,0.393
146,1,9.67,-0.05,0.16428,-2.473,3.513,5.123,9.5,0.038,0.0,20.452,20.163,18.574,18.042,17.8,0.164
147,1,9.69,-0.57,0.19297,-2.17,3.571,5.121,10.2,0.038,0.0,20.394,19.904,18.68,18.122,17.926,0.193
148,1,9.69,-0.53,0.25329,-1.915,3.588,5.053,8.4,0.036,0.0,17.957,17.431,16.284,15.713,15.542,0.253
149,1,9.69,-0.45,0.33598,-1.704,3.595,4.995,11.7,0.038,0.0,20.731,20.198,19.076,18.491,18.332,0.336
150,1,9.69,-0.37,0.30221,-1.819,3.583,5.015,11.4,0.038,0.0,20.718,20.211,19.021,18.449,18.274,0.302
151,1,9.69,-0.21,0.50346,-1.319,3.609,4.842,11.1,0.038,0.0,19.167,18.646,17.546,16.903,16.772,0.503
152,1,9.69,-0.09,0.44326,-1.496,3.59,4.887,9.2,0.037,0.0,17.709,17.217,16.011,15.403,15.249,0.443
153,1,9.69,-0.03,1.27207,1.673,3.653,2.427,11.0,0.038,0.0,11.588,11.042,10.083,9.463,9.358,1.272
154,1,9.69,-0.01,0.36643,-1.712,3.573,4.95,10.5,0.038,0.0,19.55,19.096,17.788,17.22,17.037,0.366
155,1,9.69,0.03,0.26739,-1.983,3.553,5.007,8.2,0.036,0.0,17.927,17.526,16.141,15.583,15.361,0.267
156,1,9.69,0.09,0.18462,-2.346,3.523,5.089,6.4,0.027,0.0,17.034,16.707,15.173,14.642,14.406,0.185
157,1,9.71,-0.41,0.27205,-1.896,3.581,5.037,10.4,0.038,0.0,19.91,19.404,18.209,17.642,17.463,0.272
158,1,9.71,-0.39,0.9368,0.027,3.779,4.444,10.3,0.038,0.0,15.002,14.502,13.989,13.7,13.664,0.937
159,1,9.71,-0.35,0.44287,-1.448,3.604,4.895,11.3,0.038,0.0,19.691,19.161,18.059,17.44,17.299,0.443
160,1,9.71,-0.31,0.24092,-2.02,3.568,5.056,11.5,0.038,0.0,21.32,20.855,19.583,19.022,18.824,0.241
161,1,9.71,-0.29,0.55542,-1.155,3.627,4.792,10.7,0.038,0.0,18.358,17.826,16.795,16.137,16.019,0.555
162,1,9.71,-0.25,0.19944,-2.19,3.554,5.091,10.9,0.038,0.0,21.146,20.726,19.384,18.826,18.603,0.199
163,1,9.71,-0.23,0.45565,-1.439,3.6,4.882,10.0,0.038,0.0,18.367,17.847,16.717,16.091,15.951,0.456
164,1,9.71,-0.17,0.77905,-0.538,3.699,4.611,10.8,0.038,0.0,16.916,16.326,15.56,15.074,15.005,0.779
165,1,9.71,-0.15,0.24808,-2.02,3.56,5.038,8.6,0.037,0.0,18.421,17.99,16.658,16.098,15.887,0.248
166,1,9.71,-0.11,0.27336,-1.95,3.562,5.02,6.8,0.029,0.0,16.444,16.004,14.679,14.118,13.913,0.273
167,1,9.71,-0.09,0.57231,-1.161,3.619,4.781,8.5,0.036,0.0,16.172,15.652,14.578,13.911,13.791,0.572
168,1,9.71,-0.07,0.69655,-0.822,3.655,4.669,10.3,0.038,0.0,17.125,16.569,15.631,15.007,14.914,0.697
169,1,9.73,-0.43,0.28193,-1.858,3.584,5.03,11.3,0.038,0.0,20.715,20.202,19.027,18.456,18.282,0.282
170,1,9.73,-0.37,0.43702,-1.459,3.604,4.899,11.1,0.038,0.0,19.517,18.985,17.885,17.269,17.127,0.437
171,1,9.73,-0.35,0.42594,-1.49,3.601,4.907,11.6,0.038,0.0,20.095,19.565,18.453,17.84,17.695,0.426
172,1,9.73,-0.33,0.54936,-1.161,3.628,4.796,11.4,0.038,0.0,19.072,18.538,17.512,16.859,16.74,0.549
173,1,9.73,-0.25,0.19496,-2.222,3.55,5.097,9.9,0.038,0.0,20.226,19.819,18.458,17.901,17.671,0.195
174,1,9.73,-0.25,0.17286,-2.383,3.53,5.125,10.3,0.038,0.0,21.028,20.677,19.21,18.659,18.424,0.173
175,1,9.73,-0.15,0.56456,-1.165,3.621,4.785,9.1,0.037,0.0,16.783,16.259,15.197,14.531,14.412,0.565
176,1,9.73,-0.07,0.2306,-2.1,3.551,5.052,8.1,0.035,0.0,18.119,17.718,16.337,15.781,15.554,0.231
177,1,9.73,-0.05,0.46625,-1.444,3.593,4.868,10.4,0.038,0.0,18.781,18.288,17.09,16.47,16.323,0.466
178,1,9.73,-0.01,1.06438,0.255,3.775,4.256,14.2,0.038,0.0,18.332,17.797,17.281,16.994,16.956,1.064
179,1,9.75,-0.51,0.46202,-1.36,3.619,4.886,11.7,0.038,0.0,19.87,19.328,18.291,17.663,17.531,0.462
180,1,9.75,-0.37,0.28935,-1.855,3.581,5.023,11.8,0.038,0.0,21.207,20.705,19.503,18.935,18.757,0.289
181,1,9.75,-0.35,0.49908,-1.299,3.616,4.845,11.6,0.038,0.0,19.616,19.085,18.022,17.382,17.252,0.499
182,1,9.75,-0.35,0.24618,-1.992,3.571,5.052,11.7,0.038,0.0,21.45,20.97,19.721,19.161,18.968,0.246
183,1,9.75,-0.17,0.32015,-1.806,3.574,4.992,10.0,0.038,0.0,19.286,18.812,17.545,16.979,16.796,0.32
184,1,9.75,-0.15,0.12089,-2.819,3.481,5.209,8.4,0.036,0.0,20.218,20.032,18.269,17.728,17.478,0.121
185,1,9.75,-0.15,0.269,-1.955,3.564,5.024,9.8,0.038,0.0,19.456,19.014,17.7,17.138,16.934,0.269
186,1,9.75,-0.09,0.17712,-2.375,3.526,5.11,10.3,0.038,0.0,21.008,20.675,19.164,18.625,18.389,0.177
187,1,9.75,-0.03,0.20566,-2.201,3.543,5.071,9.8,0.038,0.0,20.072,19.695,18.267,17.718,17.487,0.206
188,1,9.75,-0.01,0.16378,-2.481,3.51,5.121,9.9,0.038,0.0,20.872,20.592,18.986,18.458,18.214,0.164
189,1,9.75,0.19,0.1977,-2.263,3.529,5.06,10.6,0.038,0.0,21.028,20.692,19.184,18.648,18.414,0.198
190,1,9.77,-0.43,0.92601,0.023,3.78,4.446,10.8,0.038,0.0,15.512,15.017,14.505,14.216,14.18,0.926
191,1,9.77,-0.43,0.30281,-1.794,3.588,5.012,10.9,0.038,0.0,20.155,19.635,18.479,17.902,17.734,0.303
192,1,9.77,-0.35,0.26166,-1.941,3.574,5.04,9.9,0.038,0.0,19.523,19.034,17.799,17.239,17.052,0.262
193,1,9.77,-0.35,0.22676,-2.066,3.567,5.072,11.2,0.038,0.0,21.134,20.669,19.399,18.839,18.638,0.227
194,1,9.77,-0.31,0.38107,-1.615,3.591,4.946,10.1,0.038,0.0,18.908,18.394,17.232,16.639,16.48,0.381
195,1,9.77,-0.29,0.27955,-1.898,3.574,5.024,8.8,0.037,0.0,18.314,17.83,16.585,16.023,15.836,0.28
196,1,9.77,-0.25,0.40855,-1.549,3.593,4.914,10.6,0.038,0.0,19.243,18.733,17.565,16.964,16.809,0.409
197,1,9.77,-0.09,0.34451,-1.757,3.574,4.973,10.8,0.038,0.0,19.962,19.497,18.212,17.645,17.462,0.345
198,1,9.79,-0.43,0.39366,-1.553,3.601,4.937,11.7,0.038,0.0,20.351,19.815,18.715,18.111,17.964,0.394
199,1,9.79,-0.41,0.68257,-0.733,3.679,4.668,9.6,0.038,0.0,16.202,15.63,14.789,14.24,14.16,0.683
200,1,9.79,-0.35,0.43118,-1.475,3.602,4.902,10.8,0.038,0.0,19.257,18.727,17.619,17.003,16.86,0.431
201,1,9.79,-0.35,0.74708,-0.549,3.704,4.622,15.2,0.038,0.0,21.342,20.759,20.01,19.537,19.469,0.747
202,1,9.79,-0.31,0.39833,-1.564,3.594,4.924,11.0,0.038,0.0,19.679,19.162,18.011,17.411,17.257,0.398
203,1,9.79,-0.29,0.18482,-2.289,3.543,5.112,9.3,0.037,0.0,19.792,19.402,18.01,17.454,17.222,0.185
204,1,9.79,-0.27,0.33334,-1.754,3.582,4.989,9.7,0.038,0.0,18.856,18.359,17.148,16.573,16.399,0.333
205,1,9.79,-0.27,0.84306,-0.286,3.739,4.55,10.3,0.038,0.0,15.785,15.218,14.585,14.206,14.154,0.843
206,1,9.79,-0.21,0.65889,-0.876,3.654,4.696,9.5,0.038,0.0,16.46,15.905,14.968,14.345,14.251,0.659
207,1,9.79,-0.17,0.21372,-2.145,3.553,5.072,10.8,0.038,0.0,20.933,20.521,19.163,18.606,18.382,0.214
208,1,9.79,-0.17,0.81701,-0.408,3.718,4.575,11.8,0.038,0.0,17.591,17.005,16.303,15.87,15.81,0.817
209,1,9.79,-0.15,0.28609,-1.902,3.567,5.01,9.9,0.038,0.0,19.424,18.972,17.672,17.109,16.911,0.286
210,1,9.79,-0.09,0.56349,-1.18,3.618,4.785,10.0,0.038,0.0,17.72,17.202,16.12,15.454,15.333,0.563
211,1,9.79,-0.07,0.46172,-1.449,3.593,4.87,9.1,0.037,0.0,17.492,16.996,15.804,15.185,15.037,0.462
212,1,9.79,-0.03,0.62315,-1.034,3.63,4.734,11.1,0.038,0.0,18.455,17.928,16.892,16.22,16.11,0.623
213,1,9.79,0.05,0.93723,-0.139,3.742,4.465,10.7,0.038,0.0,15.819,15.237,14.621,14.258,14.208,0.937
214,1,9.79,0.05,0.51919,-1.323,3.6,4.822,11.8,0.038,0.0,19.879,19.385,18.212,17.556,17.424,0.519
215,1,9.79,0.11,0.18995,-2.308,3.527,5.078,9.9,0.038,0.0,20.441,20.11,18.591,18.056,17.822,0.19
216,1,9.79,0.11,0.26832,-1.989,3.549,5.0,11.4,0.038,0.0,21.143,20.755,19.352,18.796,18.567,0.268
217,1,9.81,-0.55,0.28314,-1.81,3.595,5.027,10.3,0.038,0.0,19.594,19.056,17.944,17.364,17.203,0.283
218,1,9.81,-0.53,0.16454,-2.398,3.537,5.148,10.3,0.038,0.0,21.066,20.682,19.289,18.725,18.492,0.165
219,1,9.81,-0.49,0.15946,-2.445,3.53,5.151,6.8,0.029,0.0,17.682,17.316,15.882,15.319,15.084,0.159
220,1,9.81,-0.35,0.16584,-2.42,3.529,5.137,10.0,0.038,0.0,20.819,20.468,19.006,18.45,18.214,0.166
221,1,9.81,-0.33,0.1389,-2.638,3.504,5.18,8.6,0.037,0.0,19.966,19.695,18.091,17.535,17.293,0.139
222,1,9.81,-0.33,0.21856,-2.099,3.564,5.078,11.0,0.038,0.0,21.018,20.563,19.276,18.717,18.511,0.219
223,1,9.81,-0.29,0.43749,-1.469,3.6,4.894,10.0,0.038,0.0,18.442,17.917,16.795,16.176,16.033,0.437
224,1,9.81,-0.25,0.3147,-1.804,3.578,4.998,10.8,0.038,0.0,20.081,19.592,18.358,17.79,17.61,0.315
225,1,9.81,-0.21,0.42602,-1.511,3.594,4.9,12.0,0.038,0.0,20.549,20.04,18.873,18.264,18.113,0.426
226,1,9.81,-0.21,0.95023,0.001,3.768,4.431,12.4,0.038,0.0,17.166,16.634,16.092,15.782,15.742,0.95
227,1,9.81,-0.19,0.64873,-0.91,3.65,4.705,9.1,0.037,0.0,16.146,15.596,14.64,14.004,13.907,0.649
228,1,9.81,-0.13,0.20561,-2.182,3.549,5.076,8.1,0.035,0.0,18.326,17.927,16.545,15.99,15.76,0.206
229,1,9.81,-0.13,0.39039,-1.618,3.583,4.926,11.2,0.038,0.0,20.015,19.531,18.294,17.709,17.542,0.39
230,1,9.81,-0.09,0.13342,-2.714,3.489,5.178,8.9,0.037,0.0,20.456,20.246,18.523,17.99,17.739,0.133
231,1,9.81,-0.07,0.2433,-2.049,3.554,5.036,11.3,0.038,0.0,21.193,20.785,19.415,18.857,18.636,0.243
232,1,9.81,-0.03,0.65526,-0.942,3.64,4.703,10.0,0.038,0.0,17.124,16.586,15.589,14.932,14.83,0.655
233,1,9.81,-0.01,0.45933,-1.465,3.589,4.869,11.0,0.038,0.0,19.434,18.95,17.726,17.114,16.962,0.459
234,1,9.83,-0.61,0.15638,-2.449,3.533,5.159,10.4,0.038,0.0,21.294,20.921,19.509,18.94,18.71,0.156
235,1,9.83,-0.51,0.40014,-1.512,3.609,4.934,10.1,0.038,0.0,18.65,18.108,17.04,16.432,16.289,0.4
236,1,9.83,-0.47,0.42238,-1.468,3.609,4.915,10.4,0.038,0.0,18.839,18.299,17.229,16.615,16.474,0.422
237,1,9.83,-0.39,0.79619,-0.361,3.733,4.579,10.9,0.038,0.0,16.572,16.006,15.355,14.961,14.907,0.796
238,1,9.83,-0.33,0.20158,-2.164,3.56,5.091,9.8,0.038,0.0,19.979,19.537,18.232,17.673,17.46,0.202
239,1,9.83,-0.31,0.25263,-1.973,3.57,5.041,9.1,0.037,0.0,18.803,18.33,17.07,16.509,16.316,0.253
240,1,9.83,-0.29,0.4057,-1.546,3.594,4.916,10.9,0.038,0.0,19.535,19.019,17.867,17.264,17.111,0.406
241,1,9.83,-0.25,0.2366,-2.043,3.563,5.054,10.8,0.038,0.0,20.678,20.23,18.929,18.368,18.162,0.237
242,1,9.83,-0.23,0.18267,-2.313,3.538,5.11,10.3,0.038,0.0,20.852,20.48,19.052,18.5,18.266,0.183
243,1,9.83,-0.21,0.824,-0.358,3.726,4.562,12.3,0.038,0.0,17.965,17.383,16.711,16.302,16.245,0.824
244,1,9.83,-0.19,0.09624,-3.135,3.445,5.283,8.3,0.036,0.0,20.906,20.871,18.863,18.317,18.066,0.096
245,1,9.83,-0.19,0.52754,-1.251,3.615,4.816,10.3,0.038,0.0,18.197,17.675,16.591,15.939,15.812,0.528
246,1,9.83,-0.17,0.33872,-1.756,3.577,4.979,11.0,0.038,0.0,20.16,19.68,18.427,17.857,17.679,0.339
247,1,9.83,-0.15,0.70249,-0.762,3.665,4.655,8.3,0.036,0.0,14.976,14.408,13.513,12.922,12.835,0.702
248,1,9.83,-0.07,0.47896,-1.404,3.597,4.856,9.4,0.038,0.0,17.68,17.179,16.008,15.376,15.235,0.479
249,1,9.83,-0.01,0.35,-1.754,3.57,4.963,10.5,0.038,0.0,19.655,19.206,17.891,17.324,17.136,0.35
250,1,9.83,0.13,0.19973,-2.24,3.534,5.06,9.2,0.037,0.0,19.57,19.221,17.738,17.198,16.965,0.2
251,1,9.83,0.17,0.32911,-1.821,3.559,4.958,10.3,0.038,0.0,19.624,19.216,17.84,17.276,17.066,0.329
252,1,9.83,0.23,0.54616,-1.268,3.601,4.793,12.6,0.038,0.0,20.539,20.067,18.861,18.188,18.059,0.546
253,1,9.85,-0.71,0.8135,-0.167,3.767,4.53,10.9,0.038,0.0,16.088,15.588,15.035,14.714,14.674,0.814
254,1,9.85,-0.63,0.4815,-1.274,3.632,4.87,11.6,0.038,0.0,19.555,19.008,18.014,17.39,17.267,0.481
255,1,9.85,-0.53,0.84285,-0.157,3.762,4.515,12.1,0.038,0.0,17.261,16.741,16.177,15.848,15.807,0.843
256,1,9.85,-0.45,0.14387,-2.578,3.513,5.173,8.6,0.037,0.0,19.815,19.509,17.973,17.409,17.17,0.144
257,1,9.85,-0.37,0.48834,-1.319,3.615,4.853,12.3,0.038,0.0,20.367,19.834,18.77,18.134,18.003,0.488
258,1,9.85,-0.35,0.86931,-0.137,3.759,4.495,11.5,0.038,0.0,16.613,16.076,15.504,15.171,15.128,0.869
259,1,9.85,-0.35,0.5693,-1.093,3.635,4.772,11.7,0.038,0.0,19.203,18.664,17.662,17.015,16.903,0.569
260,1,9.85,-0.35,0.52394,-1.222,3.623,4.818,11.8,0.038,0.0,19.626,19.093,18.052,17.401,17.278,0.524
261,1,9.85,-0.33,0.63904,-0.889,3.657,4.706,11.1,0.038,0.0,18.094,17.539,16.613,15.998,15.905,0.639
262,1,9.85,-0.29,0.63633,-0.911,3.653,4.71,10.9,0.038,0.0,17.947,17.395,16.454,15.828,15.732,0.636
263,1,9.85,-0.27,0.12298,-2.787,3.488,5.213,9.3,0.037,0.0,21.038,20.824,19.117,18.565,18.321,0.123
264,1,9.85,-0.27,0.36033,-1.68,3.586,4.966,9.9,0.038,0.0,18.869,18.365,17.173,16.59,16.423,0.36
265,1,9.85,-0.25,0.83343,-0.302,3.735,4.549,11.1,0.038,0.0,16.626,16.055,15.413,15.026,14.973,0.833
266,1,9.85,-0.21,1.07055,0.433,3.788,4.132,9.4,0.038,0.0,13.086,12.591,12.108,11.844,11.81,1.071
267,1,9.85,-0.15,0.3348,-1.769,3.576,4.979,9.8,0.038,0.0,18.991,18.516,17.25,16.683,16.503,0.335
268,1,9.85,-0.15,0.22452,-2.106,3.555,5.059,10.4,0.038,0.0,20.434,20.02,18.664,18.106,17.885,0.225
269,1,9.85,-0.15,1.07724,0.412,3.784,4.141,11.5,0.038,0.0,15.241,14.734,14.24,13.97,13.935,1.077
270,1,9.85,-0.09,0.20496,-2.19,3.547,5.073,9.4,0.038,0.0,19.646,19.257,17.856,17.303,17.072,0.205
271,1,9.85,-0.07,0.5928,-1.103,3.624,4.757,10.6,0.038,0.0,18.127,17.605,16.548,15.873,15.757,0.593
272,1,9.85,0.03,0.23652,-2.082,3.547,5.028,10.6,0.038,0.0,20.576,20.193,18.779,18.226,17.996,0.237
273,1,9.85,0.05,0.87612,-0.3,3.723,4.518,10.5,0.038,0.0,16.021,15.425,14.743,14.33,14.272,0.876
274,1,9.87,-0.63,0.26103,-1.852,3.598,5.046,11.3,0.038,0.0,20.7,20.156,19.06,18.48,18.321,0.261
275,1,9.87,-0.53,0.19086,-2.191,3.565,5.118,8.5,0.036,0.0,18.748,18.275,17.024,16.466,16.261,0.191
276,1,9.87,-0.49,0.21125,-2.086,3.574,5.092,8.7,0.037,0.0,18.684,18.183,16.972,16.416,16.227,0.211
277,1,9.87,-0.49,0.71427,-0.586,3.703,4.635,10.2,0.038,0.0,16.434,15.857,15.103,14.626,14.558,0.714
278,1,9.87,-0.47,0.25704,-1.917,3.583,5.044,9.6,0.038,0.0,19.162,18.647,17.473,16.906,16.729,0.257
279,1,9.87,-0.43,0.15092,-2.519,3.518,5.154,9.3,0.037,0.0,20.367,20.045,18.536,17.974,17.735,0.151
280,1,9.87,-0.41,0.31624,-1.764,3.589,5.002,11.5,0.038,0.0,20.679,20.16,19.002,18.424,18.257,0.316
281,1,9.87,-0.39,1.04004,0.557,3.745,3.824,10.2,0.038,0.0,13.577,13.026,12.411,12.047,11.999,1.04
282,1,9.87,-0.37,0.36663,-1.643,3.593,4.963,10.4,0.038,0.0,19.278,18.756,17.611,17.021,16.862,0.367
283,1,9.87,-0.31,0.28449,-1.875,3.576,5.019,10.6,0.038,0.0,20.058,19.568,18.336,17.772,17.589,0.284
284,1,9.87,-0.27,0.23305,-2.052,3.564,5.058,9.6,0.038,0.0,19.499,19.049,17.753,17.192,16.987,0.233
285,1,9.87,-0.25,0.24732,-2.0,3.566,5.041,11.5,0.038,0.0,21.271,20.816,19.526,18.965,18.763,0.247
286,1,9.87,-0.21,0.25717,-1.975,3.565,5.031,11.2,0.038,0.0,20.909,20.458,19.159,18.597,18.396,0.257
287,1,9.87,-0.21,1.03179,0.266,3.78,4.252,12.3,0.038,0.0,16.406,15.895,15.389,15.107,15.071,1.032
288,1,9.87,-0.19,0.25432,-1.988,3.564,5.031,11.7,0.038,0.0,21.439,20.995,19.685,19.124,18.919,0.254
289,1,9.87,-0.17,0.44235,-1.478,3.595,4.886,9.8,0.038,0.0,18.265,17.759,16.59,15.975,15.826,0.442
290,1,9.87,-0.17,0.45701,-1.44,3.598,4.874,10.0,0.038,0.0,18.37,17.859,16.707,16.082,15.939,0.457
291,1,9.87,-0.17,0.49808,-1.334,3.606,4.841,12.1,0.038,0.0,20.206,19.689,18.573,17.931,17.798,0.498
292,1,9.87,-0.15,0.80476,-0.432,3.713,4.573,10.6,0.038,0.0,16.45,15.863,15.144,14.698,14.635,0.805
293,1,9.87,-0.13,0.18169,-2.334,3.532,5.105,8.0,0.035,0.0,18.605,18.253,16.78,16.235,16.001,0.182
294,1,9.87,-0.09,0.13076,-2.738,3.487,5.184,9.2,0.037,0.0,20.814,20.611,18.876,18.342,18.09,0.131
295,1,9.87,-0.07,0.15982,-2.5,3.51,5.127,9.6,0.038,0.0,20.619,20.338,18.737,18.204,17.961,0.16
296,1,9.87,-0.07,0.92038,-0.105,3.75,4.451,11.0,0.038,0.0,16.031,15.463,14.869,14.521,14.475,0.92
297,1,9.87,-0.05,0.44701,-1.488,3.589,4.878,11.1,0.038,0.0,19.589,19.103,17.883,17.276,17.122,0.447
298,1,9.87,-0.01,0.33054,-1.802,3.567,4.973,12.1,0.038,0.0,21.376,20.936,19.609,19.044,18.849,0.331
299,1,9.87,0.03,0.54771,-1.243,3.608,4.796,11.7,0.038,0.0,19.578,19.076,17.939,17.275,17.149,0.548
300,1,9.87,0.03,0.36567,-1.697,3.571,4.928,12.0,0.038,0.0,21.013,20.568,19.244,18.675,18.49,0.366
301,1,9.87,0.15,0.55661,-1.234,3.606,4.785,12.4,0.038,0.0,20.255,19.768,18.599,17.928,17.802,0.557
302,1,9.89,-0.79,1.01374,-0.366,4.562,7.762,9.6,0.038,0.0,15.284,18.96,19.378,19.529,19.623,0.584
303,1,9.89,-0.79,0.48313,-1.245,3.639,4.871,10.8,0.038,0.0,18.682,18.131,17.163,16.554,16.435,0.483
304,1,9.89,-0.77,0.51048,-1.168,3.645,4.839,10.9,0.038,0.0,18.589,18.038,17.085,16.475,16.362,0.51
305,1,9.89,-0.67,0.19001,-2.163,3.575,5.127,10.9,0.038,0.0,21.078,20.571,19.375,18.818,18.63,0.19
306,1,9.89,-0.53,0.64284,-0.801,3.675,4.694,9.2,0.037,0.0,15.973,15.405,14.55,13.989,13.906,0.643
307,1,9.89,-0.53,0.61113,-0.908,3.661,4.722,12.7,0.038,0.0,19.74,19.183,18.277,17.678,17.585,0.611
308,1,9.89,-0.47,0.13691,-2.638,3.508,5.192,9.5,0.038,0.0,20.865,20.573,19.012,18.444,18.206,0.137
309,1,9.89,-0.43,0.7969,-0.326,3.738,4.563,9.2,0.037,0.0,14.786,14.227,13.591,13.207,13.155,0.797
310,1,9.89,-0.43,0.70024,-0.653,3.691,4.645,11.7,0.038,0.0,18.101,17.525,16.727,16.213,16.139,0.7
311,1,9.89,-0.43,0.96242,0.236,3.79,4.293,12.2,0.038,0.0,16.381,15.909,15.426,15.16,15.128,0.962
312,1,9.89,-0.41,0.52485,-1.202,3.627,4.815,7.9,0.035,0.0,15.676,15.137,14.116,13.468,13.348,0.525
313,1,9.89,-0.37,0.21642,-2.098,3.566,5.08,10.6,0.038,0.0,20.614,20.151,18.879,18.32,18.117,0.216
314,1,9.89,-0.35,0.89082,-0.044,3.767,4.447,10.3,0.038,0.0,15.179,14.656,14.111,13.797,13.758,0.891
315,1,9.89,-0.33,0.14995,-2.539,3.513,5.15,9.0,0.037,0.0,20.117,19.817,18.264,17.71,17.47,0.15
316,1,9.89,-0.33,0.43297,-1.471,3.602,4.897,11.1,0.038,0.0,19.547,19.018,17.906,17.289,17.146,0.433
317,1,9.89,-0.33,0.51927,-1.238,3.621,4.821,12.5,0.038,0.0,20.365,19.834,18.784,18.135,18.01,0.519
318,1,9.89,-0.31,0.77073,-0.464,3.715,4.593,9.7,0.038,0.0,15.629,15.048,14.335,13.893,13.831,0.771
319,1,9.89,-0.29,0.40954,-1.536,3.595,4.912,9.7,0.038,0.0,18.309,17.792,16.643,16.038,15.886,0.41
320,1,9.89,-0.29,0.35096,-1.702,3.586,4.976,11.2,0.038,0.0,20.224,19.719,18.53,17.949,17.781,0.351
321,1,9.89,-0.29,0.46917,-1.385,3.607,4.867,11.6,0.038,0.0,19.832,19.306,18.206,17.576,17.439,0.469
322,1,9.89,-0.27,0.59127,-1.05,3.636,4.751,10.5,0.038,0.0,17.895,17.358,16.356,15.705,15.596,0.591
323,1,9.89,-0.27,0.55329,-1.155,3.626,4.787,10.9,0.038,0.0,18.558,18.027,16.992,16.332,16.213,0.553
324,1,9.89,-0.27,0.40554,-1.549,3.593,4.914,12.1,0.038,0.0,20.742,20.23,19.069,18.467,18.313,0.406
325,1,9.89,-0.25,0.62835,-0.943,3.648,4.716,11.8,0.038,0.0,18.928,18.38,17.419,16.781,16.682,0.628
326,1,9.89,-0.19,0.21823,-2.121,3.556,5.067,10.0,0.038,0.0,20.074,19.653,18.308,17.75,17.53,0.218
327,1,9.89,-0.13,0.14852,-2.576,3.503,5.143,8.8,0.037,0.0,20.009,19.748,18.116,17.579,17.334,0.149
328,1,9.89,-0.13,0.77786,-0.519,3.7,4.593,9.9,0.038,0.0,15.968,15.377,14.612,14.129,14.06,0.778
329,1,9.89,-0.09,0.27304,-1.947,3.561,5.013,10.8,0.038,0.0,20.439,20.009,18.673,18.111,17.903,0.273
330,1,9.89,-0.07,0.41763,-1.555,3.585,4.898,11.9,0.038,0.0,20.557,20.076,18.835,18.243,18.08,0.418
331,1,9.89,-0.05,0.8917,-0.197,3.739,4.488,12.5,0.038,0.0,17.764,17.186,16.557,16.182,16.131,0.892
332,1,9.89,-0.03,0.62391,-1.023,3.631,4.728,11.2,0.038,0.0,18.527,17.999,16.967,16.297,16.188,0.624
333,1,9.89,0.01,0.62303,-1.035,3.629,4.729,12.3,0.038,0.0,19.656,19.133,18.088,17.412,17.302,0.623
334,1,9.91,-0.55,0.71143,-0.561,3.709,4.632,12.7,0.038,0.0,18.872,18.298,17.565,17.104,17.038,0.711
335,1,9.91,-0.53,0.54328,-1.115,3.64,4.795,7.5,0.033,0.0,15.058,14.509,13.535,12.903,12.793,0.543
336,1,9.91,-0.53,0.24482,-1.939,3.586,5.056,9.8,0.038,0.0,19.416,18.895,17.739,17.17,16.996,0.245
337,1,9.91,-0.51,0.81149,-0.24,3.751,4.535,11.0,0.038,0.0,16.37,15.829,15.232,14.878,14.831,0.811
338,1,9.91,-0.51,0.66413,-0.734,3.683,4.674,11.3,0.038,0.0,17.906,17.334,16.509,15.972,15.893,0.664
339,1,9.91,-0.45,0.16073,-2.44,3.529,5.147,10.1,0.038,0.0,20.971,20.614,19.168,18.606,18.37,0.161
340,1,9.91,-0.43,0.21916,-2.07,3.571,5.08,11.2,0.038,0.0,21.145,20.659,19.423,18.865,18.671,0.219
341,1,9.91,-0.43,0.89095,0.002,3.774,4.429,11.4,0.038,0.0,16.166,15.66,15.133,14.833,14.796,0.891
342,1,9.91,-0.41,0.35326,-1.667,3.594,4.977,11.4,0.038,0.0,20.338,19.81,18.678,18.09,17.932,0.353
343,1,9.91,-0.41,0.38147,-1.588,3.598,4.946,11.7,0.038,0.0,20.439,19.906,18.791,18.193,18.041,0.381
344,1,9.91,-0.39,0.41584,-1.501,3.602,4.912,12.1,0.038,0.0,20.623,20.089,18.986,18.375,18.23,0.416
345,1,9.91,-0.37,0.88887,-0.016,3.77,4.429,12.0,0.038,0.0,16.811,16.294,15.755,15.447,15.409,0.889
346,1,9.91,-0.35,0.3195,-1.77,3.585,4.997,11.2,0.038,0.0,20.396,19.888,18.703,18.127,17.956,0.319
347,1,9.91,-0.31,0.20477,-2.152,3.56,5.085,11.2,0.038,0.0,21.35,20.91,19.601,19.041,18.828,0.205
348,1,9.91,-0.29,0.16757,-2.413,3.527,5.131,9.1,0.037,0.0,19.903,19.558,18.082,17.53,17.294,0.168
349,1,9.91,-0.21,0.40354,-1.564,3.59,4.912,11.7,0.038,0.0,20.38,19.878,18.689,18.092,17.933,0.404
350,1,9.91,-0.19,0.68755,-0.78,3.665,4.661,11.0,0.038,0.0,17.719,17.154,16.257,15.664,15.576,0.688
351,1,9.91,-0.09,0.24451,-2.037,3.556,5.032,11.4,0.038,0.0,21.263,20.85,19.49,18.931,18.712,0.245
352,1,9.91,-0.07,1.0608,0.413,3.768,4.066,9.9,0.038,0.0,13.636,13.095,12.555,12.251,12.209,1.061
353,1,9.91,-0.03,0.16338,-2.479,3.511,5.121,10.3,0.038,0.0,21.267,20.984,19.385,18.854,18.612,0.163
354,1,9.91,-0.01,0.24718,-2.041,3.552,5.024,10.2,0.038,0.0,20.072,19.676,18.286,17.729,17.503,0.247
355,1,9.91,0.01,0.45222,-1.483,3.587,4.871,10.9,0.038,0.0,19.377,18.9,17.658,17.052,16.897,0.452
356,1,9.91,0.05,0.4802,-1.418,3.592,4.85,10.0,0.038,0.0,18.316,17.837,16.612,15.987,15.841,0.48
357,2,10.03,-0.79,0.37017,-1.533,3.622,4.975,12.8,0.038,0.0,21.404,20.852,19.837,19.236,19.095,0.37
358,2,10.03,-0.75,0.49475,-1.206,3.641,4.85,13.4,0.038,0.0,21.186,20.635,19.672,19.059,18.943,0.495
359,2,10.03,-0.67,0.27302,-1.793,3.605,5.032,8.4,0.036,0.0,17.654,17.104,16.033,15.447,15.294,0.273
360,2,10.03,-0.53,0.40656,-1.483,3.612,4.925,12.3,0.038,0.0,20.778,20.235,19.177,18.565,18.425,0.407
361,2,10.03,-0.51,0.60394,-0.92,3.658,4.718,12.1,0.038,0.0,19.169,18.615,17.698,17.091,16.997,0.604
362,2,10.03,-0.41,0.27064,-1.886,3.581,5.026,10.7,0.038,0.0,20.186,19.68,18.486,17.918,17.74,0.271
363,2,10.05,-0.99,0.21497,-1.991,3.598,5.101,11.3,0.038,0.0,21.048,20.498,19.419,18.851,18.683,0.215
364,2,10.05,-0.93,0.83752,0.212,3.797,4.284,12.5,0.038,0.0,16.741,16.32,15.845,15.582,15.552,0.838
365,2,10.05,-0.91,0.19561,-2.088,3.589,5.119,10.6,0.038,0.0,20.59,20.058,18.933,18.367,18.192,0.196
366,2,10.05,-0.91,0.38549,-1.483,3.626,4.959,11.9,0.038,0.0,20.379,19.825,18.827,18.229,18.09,0.385
367,2,10.05,-0.87,0.20983,-2.02,3.595,5.104,8.5,0.036,0.0,18.32,17.777,16.677,16.106,15.938,0.21
368,2,10.05,-0.85,0.38387,-1.492,3.625,4.96,11.0,0.038,0.0,19.499,18.947,17.942,17.341,17.201,0.384
369,2,10.05,-0.85,0.31076,-1.682,3.615,5.019,11.1,0.038,0.0,20.074,19.521,18.489,17.901,17.751,0.311
370,2,10.05,-0.85,0.3595,-1.557,3.622,4.985,11.3,0.038,0.0,19.963,19.409,18.397,17.801,17.658,0.36
371,2,10.05,-0.85,0.3804,-1.501,3.625,4.964,11.5,0.038,0.0,20.023,19.47,18.464,17.863,17.723,0.38
372,2,10.05,-0.85,0.91531,0.669,4.719,7.376,12.7,0.038,0.0,15.798,20.49,20.918,21.069,21.164,0.611
373,2,10.05,-0.83,0.33886,-1.612,3.619,5.002,9.8,0.038,0.0,18.6,18.046,17.025,16.432,16.287,0.339
374,2,10.05,-0.81,0.17262,-2.27,3.562,5.141,10.1,0.038,0.0,20.545,20.078,18.829,18.264,18.058,0.173
375,2,10.05,-0.81,0.35129,-1.581,3.62,4.993,11.6,0.038,0.0,20.324,19.771,18.752,18.156,18.013,0.351
376,2,10.05,-0.81,0.5246,-1.104,3.651,4.812,12.7,0.038,0.0,20.23,19.676,18.743,18.14,18.033,0.525
377,2,10.05,-0.81,0.54437,-1.04,3.657,4.787,14.1,0.038,0.0,21.47,20.914,19.999,19.407,19.304,0.544
378,2,10.05,-0.79,0.12695,-2.683,3.515,5.231,9.8,0.038,0.0,21.278,20.952,19.454,18.876,18.658,0.127
379,2,10.05,-0.79,0.85477,0.251,3.792,4.234,10.5,0.038,0.0,14.642,14.2,13.715,13.446,13.414,0.855
380,2,10.05,-0.79,0.71829,-0.398,3.739,4.595,11.1,0.038,0.0,16.866,16.324,15.69,15.308,15.254,0.718
381,2,10.05,-0.79,0.93446,0.607,4.73,7.469,12.2,0.038,0.0,15.452,20.168,20.594,20.744,20.838,0.593
382,2,10.05,-0.79,0.66803,-0.594,3.712,4.651,12.5,0.038,0.0,18.754,18.188,17.467,17.02,16.952,0.668
383,2,10.05,-0.77,0.38427,-1.496,3.623,4.958,12.4,0.038,0.0,20.91,20.359,19.347,18.741,18.602,0.384
384,2,10.05,-0.75,0.20716,-2.039,3.591,5.105,8.0,0.035,0.0,17.867,17.331,16.211,15.64,15.471,0.207
385,2,10.05,-0.75,0.19951,-2.071,3.589,5.111,10.2,0.038,0.0,20.147,19.617,18.486,17.917,17.744,0.2
386,2,10.05,-0.75,0.49924,-1.192,3.642,4.844,10.9,0.038,0.0,18.65,18.099,17.138,16.526,16.411,0.499
387,2,10.05,-0.75,0.89023,0.495,3.756,3.861,13.7,0.038,0.0,17.232,16.716,16.129,15.783,15.738,0.89
388,2,10.05,-0.73,0.23918,-1.913,3.599,5.071,9.1,0.037,0.0,18.653,18.106,17.018,16.44,16.28,0.239
389,2,10.05,-0.73,0.41595,-1.417,3.627,4.928,12.7,0.038,0.0,21.014,20.464,19.459,18.846,18.713,0.416
390,2,10.05,-0.73,0.37686,-1.518,3.622,4.965,12.9,0.038,0.0,21.465,20.915,19.897,19.291,19.152,0.377
391,2,10.05,-0.71,0.4304,-1.384,3.628,4.915,11.3,0.038,0.0,19.529,18.98,17.979,17.363,17.233,0.43
392,2,10.05,-0.71,0.54827,-1.041,3.654,4.779,11.7,0.038,0.0,19.072,18.519,17.592,16.986,16.884,0.548
393,2,10.05,-0.71,0.44214,-1.355,3.63,4.905,12.5,0.038,0.0,20.657,20.108,19.112,18.496,18.368,0.442
394,2,10.05,-0.71,0.65,-0.677,3.698,4.665,13.6,0.038,0.0,20.064,19.491,18.72,18.232,18.158,0.65
395,2,10.05,-0.69,0.32168,-1.663,3.614,5.01,11.3,0.038,0.0,20.228,19.678,18.636,18.04,17.894,0.322
396,2,10.05,-0.69,0.50545,-1.179,3.642,4.835,11.6,0.038,0.0,19.317,18.768,17.804,17.187,17.073,0.505
397,2,10.05,-0.69,0.35426,-1.581,3.619,4.988,11.7,0.038,0.0,20.421,19.871,18.842,18.24,18.099,0.354
398,2,10.05,-0.67,0.78737,-0.143,3.764,4.478,8.5,0.036,0.0,13.626,13.117,12.556,12.229,12.187,0.787
399,2,10.05,-0.67,0.20736,-2.043,3.589,5.101,10.9,0.038,0.0,20.777,20.247,19.114,18.543,18.372,0.207
400,2,10.05,-0.67,0.18457,-2.192,3.571,5.125,11.1,0.038,0.0,21.35,20.858,19.64,19.081,18.886,0.185
401,2,10.05,-0.67,0.49503,-1.213,3.639,4.847,11.5,0.038,0.0,19.303,18.755,17.781,17.161,17.045,0.495
402,2,10.05,-0.67,0.60272,-0.863,3.67,4.709,12.7,0.038,0.0,19.628,19.065,18.195,17.627,17.537,0.603
403,2,10.05,-0.65,0.89382,0.406,3.78,4.05,12.4,0.038,0.0,16.154,15.677,15.162,14.871,14.836,0.894
404,2,10.05,-0.65,0.65958,-0.66,3.698,4.656,13.7,0.038,0.0,20.12,19.545,18.776,18.289,18.216,0.66
405,2,10.05,-0.63,0.75398,-0.309,3.744,4.547,10.0,0.038,0.0,15.544,15.001,14.383,14.013,13.963,0.754
406,2,10.05,-0.63,0.35437,-1.58,3.614,4.97,11.0,0.038,0.0,19.719,19.171,18.126,17.523,17.38,0.354
407,2,10.05,-0.63,0.47795,-1.271,3.633,4.865,11.4,0.038,0.0,19.349,18.802,17.808,17.184,17.062,0.478
408,2,10.05,-0.63,0.69951,-0.521,3.717,4.619,11.6,0.038,0.0,17.673,17.104,16.401,15.965,15.902,0.7
409,2,10.05,-0.61,0.21226,-2.04,3.585,5.092,9.9,0.038,0.0,19.769,19.247,18.092,17.525,17.349,0.212
410,2,10.05,-0.61,0.21371,-2.034,3.586,5.091,10.4,0.038,0.0,20.254,19.731,18.579,18.011,17.836,0.214
411,2,10.05,-0.61,0.77537,-0.237,3.752,4.517,10.6,0.038,0.0,15.962,15.428,14.833,14.481,14.435,0.775
412,2,10.05,-0.61,0.30929,-1.702,3.606,5.0,10.7,0.038,0.0,19.725,19.177,18.107,17.517,17.366,0.309
413,2,10.05,-0.61,0.4998,-1.215,3.636,4.84,11.2,0.038,0.0,19.008,18.461,17.475,16.849,16.731,0.5
414,2,10.05,-0.61,0.49956,-1.216,3.635,4.84,11.7,0.038,0.0,19.509,18.963,17.977,17.35,17.232,0.5
415,2,10.05,-0.61,0.69201,-0.558,3.711,4.627,13.3,0.038,0.0,19.465,18.894,18.169,17.717,17.651,0.692
416,2,10.05,-0.61,0.78036,-0.217,3.754,4.509,14.1,0.038,0.0,19.412,18.883,18.294,17.947,17.901,0.78
417,2,10.05,-0.59,0.17217,-2.307,3.551,5.133,7.5,0.033,0.0,18.037,17.607,16.294,15.731,15.505,0.172
418,2,10.05,-0.59,0.15578,-2.451,3.532,5.155,10.1,0.038,0.0,20.998,20.628,19.21,18.642,18.41,0.156
419,2,10.05,-0.59,0.47123,-1.3,3.628,4.871,10.9,0.038,0.0,18.921,18.376,17.368,16.739,16.614,0.471
420,2,10.05,-0.59,0.49394,-1.237,3.633,4.846,12.9,0.038,0.0,20.761,20.216,19.222,18.593,18.472,0.494
421,2,10.05,-0.59,0.61606,-0.844,3.671,4.701,13.3,0.038,0.0,20.179,19.615,18.745,18.175,18.087,0.616
422,2,10.05,-0.57,0.26594,-1.848,3.594,5.034,11.6,0.038,0.0,20.989,20.453,19.337,18.759,18.596,0.266
423,2,10.05,-0.57,0.7262,-0.449,3.724,4.592,11.9,0.038,0.0,17.793,17.225,16.545,16.128,16.07,0.726
424,2,10.05,-0.53,0.371,-1.572,3.607,4.956,12.3,0.038,0.0,21.001,20.457,19.386,18.784,18.639,0.371
425,2,10.05,-0.51,0.32654,-1.693,3.6,4.989,11.0,0.038,0.0,20.002,19.458,18.363,17.775,17.621,0.327
426,2,10.05,-0.51,0.33702,-1.666,3.601,4.982,12.6,0.038,0.0,21.535,20.991,19.901,19.31,19.158,0.337
427,2,10.05,-0.51,0.87443,0.117,3.78,4.33,14.2,0.038,0.0,18.678,18.191,17.679,17.39,17.354,0.874
428,2,10.05,-0.49,0.62895,-0.834,3.669,4.692,12.3,0.038,0.0,19.156,18.593,17.714,17.135,17.048,0.629
429,2,10.05,-0.47,0.17864,-2.282,3.55,5.119,9.8,0.038,0.0,20.274,19.855,18.524,17.963,17.732,0.179
430,2,10.05,-0.47,0.53665,-1.138,3.636,4.794,11.5,0.038,0.0,19.114,18.572,17.579,16.94,16.826,0.537
431,2,10.05,-0.47,0.30813,-1.754,3.593,4.999,12.2,0.038,0.0,21.354,20.823,19.695,19.114,18.951,0.308
432,2,10.05,-0.47,0.49974,-1.25,3.626,4.836,13.5,0.038,0.0,21.396,20.857,19.835,19.192,19.068,0.5
433,2,10.05,-0.45,0.48518,-1.296,3.621,4.851,13.5,0.038,0.0,21.51,20.973,19.935,19.296,19.168,0.485
434,2,10.05,-0.43,0.33278,-1.705,3.593,4.985,11.8,0.038,0.0,20.833,20.305,19.171,18.586,18.426,0.333
435,2,10.05,-0.39,0.45993,-1.381,3.611,4.872,12.7,0.038,0.0,20.924,20.39,19.315,18.688,18.552,0.46
436,2,10.05,-0.37,0.85925,0.002,3.767,4.383,11.0,0.038,0.0,15.764,15.242,14.694,14.379,14.339,0.859
437,2,10.05,-0.35,0.26013,-1.932,3.574,5.03,9.6,0.038,0.0,19.201,18.712,17.477,16.917,16.73,0.26
438,2,10.05,-0.35,0.25171,-1.958,3.573,5.035,11.7,0.038,0.0,21.365,20.881,19.639,19.079,18.889,0.252
439,2,10.07,-0.97,0.17244,-2.258,3.567,5.148,7.7,0.034,0.0,18.116,17.628,16.412,15.847,15.65,0.172
440,2,10.07,-0.97,0.74558,-0.224,3.764,4.539,10.2,0.038,0.0,15.531,15.042,14.478,14.149,14.106,0.746
441,2,10.07,-0.97,0.51468,-1.115,3.654,4.827,12.6,0.038,0.0,20.158,19.602,18.683,18.095,17.986,0.515
442,2,10.07,-0.91,0.59345,-0.85,3.68,4.728,11.3,0.038,0.0,18.195,17.629,16.797,16.265,16.177,0.593
443,2,10.07,-0.91,0.20787,-2.023,3.595,5.106,11.7,0.038,0.0,21.529,20.985,19.888,19.319,19.15,0.208
444,2,10.07,-0.89,0.11068,-2.819,3.506,5.271,9.3,0.037,0.0,21.117,20.813,19.271,18.69,18.486,0.111
445,2,10.07,-0.89,0.79035,-0.038,3.78,4.438,13.2,0.038,0.0,18.064,17.601,17.081,16.783,16.747,0.79
446,2,10.07,-0.87,0.22953,-1.941,3.599,5.083,11.8,0.038,0.0,21.421,20.872,19.792,19.219,19.055,0.23
447,2,10.07,-0.87,0.59866,-0.838,3.68,4.72,12.6,0.038,0.0,19.465,18.9,18.067,17.532,17.445,0.599
448,2,10.07,-0.83,0.46986,-1.267,3.639,4.877,12.5,0.038,0.0,20.436,19.884,18.916,18.31,18.189,0.47
449,2,10.07,-0.83,0.43568,-1.36,3.632,4.912,12.6,0.038,0.0,20.77,20.218,19.232,18.626,18.497,0.436
450,2,10.07,-0.81,0.33585,-1.619,3.618,5.002,9.4,0.038,0.0,18.217,17.664,16.64,16.046,15.901,0.336
451,2,10.07,-0.81,0.85564,0.32,3.791,4.16,10.9,0.038,0.0,14.87,14.426,13.938,13.666,13.633,0.856
452,2,10.07,-0.81,0.24235,-1.894,3.601,5.068,11.5,0.038,0.0,21.005,20.454,19.379,18.802,18.641,0.242
453,2,10.07,-0.81,0.40181,-1.446,3.626,4.94,12.4,0.038,0.0,20.785,20.234,19.231,18.624,18.488,0.402
454,2,10.07,-0.81,0.65486,-0.633,3.707,4.661,12.7,0.038,0.0,19.052,18.484,17.747,17.286,17.215,0.655
455,2,10.07,-0.79,0.17765,-2.235,3.567,5.136,10.5,0.038,0.0,20.858,20.377,19.147,18.585,18.385,0.178
456,2,10.07,-0.79,0.326,-1.645,3.616,5.008,11.5,0.038,0.0,20.382,19.83,18.799,18.207,18.06,0.326
457,2,10.07,-0.75,0.1987,-2.076,3.588,5.111,10.0,0.038,0.0,19.959,19.429,18.295,17.727,17.553,0.199
458,2,10.07,-0.75,0.44198,-1.351,3.631,4.905,12.7,0.038,0.0,20.847,20.297,19.305,18.693,18.565,0.442
459,2,10.07,-0.75,0.4451,-1.343,3.632,4.903,13.2,0.038,0.0,21.327,20.778,19.787,19.175,19.047,0.445
460,2,10.07,-0.73,0.61791,-0.789,3.682,4.694,11.1,0.038,0.0,17.843,17.275,16.449,15.917,15.833,0.618
461,2,10.07,-0.73,0.41389,-1.422,3.627,4.929,12.5,0.038,0.0,20.824,20.275,19.269,18.656,18.522,0.414
462,2,10.07,-0.71,0.28432,-1.764,3.608,5.034,10.4,0.038,0.0,19.58,19.03,17.97,17.382,17.231,0.284
463,2,10.07,-0.71,0.49112,-1.217,3.64,4.851,11.2,0.038,0.0,19.013,18.464,17.494,16.878,16.761,0.491
464,2,10.07,-0.71,0.4765,-1.259,3.637,4.868,12.3,0.038,0.0,20.217,19.668,18.69,18.074,17.954,0.476
465,2,10.07,-0.71,0.68568,-0.535,3.718,4.627,13.0,0.038,0.0,19.107,18.541,17.84,17.408,17.344,0.686
466,2,10.07,-0.71,0.44811,-1.339,3.631,4.899,13.1,0.038,0.0,21.217,20.668,19.675,19.059,18.932,0.448
467,2,10.07,-0.69,0.27676,-1.788,3.606,5.039,10.3,0.038,0.0,19.541,18.992,17.926,17.339,17.186,0.277
468,2,10.07,-0.69,0.45488,-1.322,3.632,4.892,11.0,0.038,0.0,19.075,18.527,17.535,16.917,16.792,0.455
469,2,10.07,-0.69,0.23598,-1.927,3.597,5.073,11.2,0.038,0.0,20.788,20.245,19.147,18.57,18.408,0.236
470,2,10.07,-0.69,0.33595,-1.626,3.616,5.0,11.3,0.038,0.0,20.134,19.583,18.548,17.95,17.806,0.336
471,2,10.07,-0.69,0.33648,-1.624,3.616,5.0,12.1,0.038,0.0,20.931,20.38,19.345,18.746,18.602,0.336
472,2,10.07,-0.69,0.48596,-1.234,3.638,4.857,12.5,0.038,0.0,20.355,19.806,18.831,18.213,18.095,0.486
473,2,10.07,-0.69,0.47068,-1.277,3.635,4.874,13.1,0.038,0.0,21.063,20.515,19.531,18.913,18.792,0.471
474,2,10.07,-0.69,0.55073,-1.033,3.654,4.773,13.6,0.038,0.0,20.952,20.399,19.472,18.865,18.763,0.551
475,2,10.07,-0.67,0.12425,-2.725,3.507,5.232,7.6,0.034,0.0,19.183,18.883,17.333,16.758,16.534,0.124
476,2,10.07,-0.67,0.25247,-1.858,3.601,5.047,8.9,0.037,0.0,18.315,17.767,16.683,16.102,15.945,0.252
477,2,10.07,-0.67,0.38711,-1.491,3.621,4.948,12.4,0.038,0.0,20.897,20.349,19.326,18.714,18.577,0.387
478,2,10.07,-0.65,0.81197,-0.027,3.773,4.411,12.0,0.038,0.0,16.837,16.343,15.808,15.5,15.462,0.812
479,2,10.07,-0.65,0.57902,-0.947,3.661,4.738,12.8,0.038,0.0,19.938,19.381,18.477,17.884,17.789,0.579
480,2,10.07,-0.63,0.17391,-2.29,3.555,5.135,10.4,0.038,0.0,20.894,20.454,19.16,18.596,18.377,0.174
481,2,10.07,-0.63,0.31816,-1.671,3.609,4.994,11.2,0.038,0.0,20.148,19.6,18.54,17.946,17.798,0.318
482,2,10.07,-0.63,0.30132,-1.715,3.607,5.004,12.0,0.038,0.0,21.057,20.508,19.442,18.851,18.7,0.301
483,2,10.07,-0.63,0.71704,-0.444,3.727,4.593,13.5,0.038,0.0,19.38,18.817,18.147,17.738,17.68,0.717
484,2,10.07,-0.63,0.90733,0.612,3.709,3.568,13.9,0.038,0.0,17.141,16.576,15.84,15.379,15.315,0.907
485,2,10.07,-0.61,0.20728,-2.059,3.584,5.096,9.6,0.038,0.0,19.517,18.996,17.837,17.27,17.094,0.207
486,2,10.07,-0.61,0.51532,-1.165,3.64,4.819,10.4,0.038,0.0,18.082,17.535,16.56,15.935,15.822,0.515
487,2,10.07,-0.61,0.23754,-1.935,3.592,5.062,10.6,0.038,0.0,20.209,19.676,18.55,17.976,17.809,0.238
488,2,10.07,-0.61,0.32903,-1.65,3.609,4.987,11.1,0.038,0.0,19.996,19.448,18.387,17.791,17.643,0.329
489,2,10.07,-0.61,0.36516,-1.56,3.614,4.962,12.2,0.038,0.0,20.87,20.324,19.276,18.671,18.529,0.365
490,2,10.07,-0.59,0.37559,-1.542,3.613,4.953,10.2,0.038,0.0,18.824,18.278,17.227,16.621,16.479,0.376
491,2,10.07,-0.59,0.25083,-1.888,3.593,5.045,10.7,0.038,0.0,20.191,19.656,18.536,17.96,17.795,0.251
492,2,10.07,-0.59,0.69437,-0.551,3.711,4.622,11.8,0.038,0.0,17.947,17.375,16.651,16.199,16.133,0.694
493,2,10.07,-0.59,0.58165,-0.958,3.657,4.737,13.3,0.038,0.0,20.466,19.911,18.993,18.389,18.292,0.582
494,2,10.07,-0.57,0.15307,-2.479,3.527,5.157,8.4,0.036,0.0,19.367,19.01,17.567,16.999,16.766,0.153
495,2,10.07,-0.57,0.3063,-1.723,3.602,5.001,11.3,0.038,0.0,20.376,19.83,18.746,18.159,18.005,0.306
496,2,10.07,-0.55,0.61586,-0.855,3.668,4.7,11.8,0.038,0.0,18.707,18.145,17.264,16.685,16.596,0.616
497,2,10.07,-0.53,0.95169,2.441,5.035,6.84,12.1,0.038,0.0,10.767,17.571,18.035,18.196,18.297,0.573
498,2,10.07,-0.53,0.34494,-1.638,3.604,4.976,12.2,0.038,0.0,21.064,20.52,19.44,18.845,18.695,0.345
499,2,10.07,-0.53,0.59606,-0.932,3.658,4.722,13.6,0.038,0.0,20.701,20.147,19.228,18.62,18.524,0.596
500,2,10.07,-0.53,0.90838,0.358,3.779,4.101,13.7,0.038,0.0,17.576,17.088,16.572,16.281,16.245,0.908
501,2,10.07,-0.53,0.79021,-0.21,3.752,4.5,14.0,0.038,0.0,19.296,18.758,18.165,17.813,17.768,0.79
502,2,10.07,-0.51,0.21884,-2.04,3.578,5.078,8.2,0.036,0.0,18.071,17.561,16.37,15.81,15.627,0.219
503,2,10.07,-0.51,0.49753,-1.245,3.628,4.839,11.9,0.038,0.0,19.782,19.241,18.229,17.59,17.467,0.498
504,2,10.07,-0.51,0.28993,-1.791,3.594,5.012,12.2,0.038,0.0,21.447,20.913,19.791,19.212,19.049,0.29
505,2,10.07,-0.49,0.48633,-1.281,3.624,4.85,11.5,0.038,0.0,19.473,18.934,17.909,17.269,17.143,0.486
506,2,10.07,-0.49,0.48661,-1.281,3.624,4.85,11.6,0.038,0.0,19.571,19.032,18.007,17.367,17.241,0.487
507,2,10.07,-0.47,0.20422,-2.11,3.572,5.09,9.9,0.038,0.0,19.944,19.455,18.226,17.669,17.475,0.204
508,2,10.07,-0.47,0.61172,-0.899,3.66,4.708,12.0,0.038,0.0,19.018,18.462,17.549,16.945,16.852,0.612
509,2,10.07,-0.47,0.55561,-1.077,3.641,4.77,12.5,0.038,0.0,19.963,19.419,18.443,17.806,17.698,0.556
510,2,10.07,-0.45,0.3996,-1.52,3.604,4.923,11.2,0.038,0.0,19.77,19.232,18.143,17.536,17.391,0.4
511,2,10.07,-0.45,0.33655,-1.687,3.596,4.981,12.4,0.038,0.0,21.389,20.855,19.735,19.148,18.99,0.337
512,2,10.07,-0.43,0.57403,-1.033,3.644,4.751,11.7,0.038,0.0,19.053,18.508,17.538,16.902,16.797,0.574
513,2,10.07,-0.41,0.14674,-2.557,3.514,5.162,9.3,0.037,0.0,20.461,20.155,18.618,18.057,17.817,0.147
514,2,10.07,-0.39,0.21903,-2.074,3.568,5.071,10.2,0.038,0.0,20.155,19.682,18.425,17.866,17.667,0.219
515,2,10.07,-0.37,0.16798,-2.39,3.532,5.129,10.0,0.038,0.0,20.745,20.382,18.944,18.387,18.152,0.168
516,2,10.07,-0.37,0.77449,-0.339,3.733,4.542,10.9,0.038,0.0,16.518,15.95,15.297,14.902,14.847,0.774
517,2,10.07,-0.33,0.56937,-1.076,3.636,4.759,13.5,0.038,0.0,20.961,20.422,19.422,18.774,18.663,0.569
518,3,10.07,-3.29,0.59056,-0.731,3.723,4.78,14.2,0.038,0.0,20.799,20.275,19.597,19.213,19.128,0.591
519,3,10.07,-2.97,0.64878,-0.486,3.754,4.698,15.0,0.038,0.0,20.984,20.526,19.922,19.574,19.514,0.649
520,3,10.07,-2.61,0.23838,-1.811,3.627,5.081,11.7,0.038,0.0,20.997,20.426,19.459,18.958,18.799,0.238
521,3,10.07,-2.53,0.8075,0.467,3.835,4.164,14.2,0.038,0.0,17.802,17.519,17.129,16.93,16.909,0.807
522,3,10.07,-2.51,0.38959,-1.405,3.652,4.987,11.8,0.038,0.0,20.084,19.499,18.617,18.152,17.998,0.39
523,3,10.07,-2.41,0.27008,-1.705,3.634,5.055,11.7,0.038,0.0,20.732,20.158,19.212,18.715,18.557,0.27
524,3,10.07,-2.41,0.56972,-0.822,3.709,4.797,14.7,0.038,0.0,21.525,20.977,20.26,19.858,19.76,0.57
525,3,10.07,-2.35,0.51379,-1.042,3.68,4.856,13.2,0.038,0.0,20.575,19.997,19.198,18.757,18.633,0.514
526,3,10.07,-2.31,0.7032,-0.242,3.781,4.599,14.7,0.038,0.0,20.075,19.677,19.142,18.834,18.794,0.703
527,3,10.07,-2.27,0.76952,0.13,3.817,4.406,13.2,0.038,0.0,17.644,17.323,16.882,16.64,16.616,0.77
528,3,10.07,-2.19,0.3021,-1.613,3.639,5.035,12.7,0.038,0.0,21.504,20.929,19.998,19.495,19.34,0.302
529,3,10.07,-2.13,0.51335,-1.043,3.68,4.856,13.2,0.038,0.0,20.578,20.002,19.198,18.745,18.625,0.513
530,3,10.07,-2.11,0.67657,-0.374,3.765,4.65,11.8,0.038,0.0,17.506,17.065,16.492,16.16,16.11,0.677
531,3,10.07,-2.09,0.6154,-0.636,3.734,4.746,13.9,0.038,0.0,20.26,19.749,19.099,18.725,18.652,0.615
532,3,10.07,-2.09,0.7413,-0.059,3.799,4.508,14.0,0.038,0.0,18.918,18.556,18.066,17.789,17.759,0.741
533,3,10.07,-2.03,0.79998,0.34,3.827,4.254,16.4,0.038,0.0,20.32,20.012,19.602,19.387,19.364,0.8
534,3,10.07,-1.91,0.82049,0.553,3.82,4.025,13.9,0.038,0.0,17.287,16.958,16.531,16.306,16.281,0.82
535,3,10.07,-1.83,0.81284,0.434,3.824,4.157,13.7,0.038,0.0,17.384,17.063,16.649,16.432,16.408,0.813
536,3,10.07,-1.81,0.77926,0.146,3.812,4.378,16.1,0.038,0.0,20.504,20.16,19.712,19.466,19.44,0.779
537,3,10.07,-1.77,0.73625,-0.113,3.791,4.528,13.8,0.038,0.0,18.853,18.461,17.955,17.667,17.633,0.736
538,3,10.07,-1.77,0.75196,-0.028,3.799,4.483,13.9,0.038,0.0,18.74,18.366,17.881,17.607,17.577,0.752
539,3,10.07,-1.77,0.78283,0.168,3.813,4.362,14.7,0.038,0.0,19.05,18.707,18.261,18.018,17.992,0.783
540,3,10.07,-1.75,0.78945,0.214,3.816,4.33,15.3,0.038,0.0,19.535,19.196,18.758,18.521,18.495,0.789
541,3,10.07,-1.71,0.5252,-1.001,3.684,4.843,13.8,0.038,0.0,21.073,20.502,19.704,19.232,19.126,0.525
542,3,10.07,-1.69,0.24397,-1.788,3.629,5.074,12.2,0.038,0.0,21.439,20.876,19.901,19.357,19.2,0.244
543,3,10.07,-1.63,0.79681,0.216,3.815,4.329,15.9,0.038,0.0,20.129,19.785,19.347,19.109,19.084,0.797
544,3,10.07,-1.61,0.19726,-2.001,3.612,5.13,11.7,0.038,0.0,21.473,20.917,19.889,19.334,19.169,0.197
545,3,10.07,-1.57,0.36705,-1.471,3.644,4.996,12.1,0.038,0.0,20.547,19.979,19.05,18.511,18.372,0.367
546,3,10.07,-1.57,0.62189,-0.641,3.726,4.725,14.2,0.038,0.0,20.573,20.036,19.365,18.97,18.898,0.622
547,3,10.07,-1.57,0.82165,0.385,3.821,4.199,17.2,0.038,0.0,21.008,20.673,20.253,20.031,20.007,0.822
548,3,10.07,-1.53,0.54543,-0.944,3.686,4.811,14.2,0.038,0.0,21.331,20.762,19.966,19.487,19.387,0.545
549,3,10.07,-1.39,0.6201,-0.668,3.719,4.721,11.7,0.038,0.0,18.14,17.59,16.896,16.482,16.407,0.62
550,3,10.07,-1.35,0.23777,-1.869,3.613,5.08,12.1,0.038,0.0,21.541,20.986,19.957,19.393,19.231,0.238
551,3,10.07,-1.31,0.25615,-1.809,3.615,5.062,11.8,0.038,0.0,21.092,20.536,19.513,18.947,18.787,0.256
552,3,10.07,-1.29,0.8277,0.407,3.811,4.14,15.2,0.038,0.0,18.953,18.582,18.14,17.901,17.874,0.828
553,3,10.07,-1.19,0.63644,-0.629,3.72,4.695,14.2,0.038,0.0,20.543,19.991,19.296,18.877,18.806,0.636
554,3,10.07,-1.17,0.59768,-0.789,3.696,4.735,12.5,0.038,0.0,19.242,18.676,17.906,17.43,17.345,0.598
555,3,10.07,-1.11,0.62707,-0.683,3.709,4.702,14.2,0.038,0.0,20.677,20.117,19.389,18.942,18.867,0.627
556,3,10.07,-1.09,0.67769,-0.483,3.737,4.645,14.1,0.038,0.0,20.078,19.545,18.902,18.518,18.459,0.678
557,3,10.07,-1.09,0.80402,0.116,3.796,4.359,15.5,0.038,0.0,19.98,19.567,19.088,18.82,18.79,0.804
558,3,10.07,-1.07,0.84063,0.37,3.802,4.145,14.8,0.038,0.0,18.646,18.243,17.777,17.522,17.493,0.841
559,3,10.07,-1.01,0.81513,0.149,3.796,4.329,13.3,0.038,0.0,17.697,17.279,16.798,16.531,16.5,0.815
560,3,10.07,-0.97,0.60906,-0.78,3.691,4.714,11.4,0.038,0.0,18.121,17.554,16.762,16.262,16.18,0.609
561,3,10.07,-0.93,0.81966,0.141,3.793,4.328,14.0,0.038,0.0,18.418,17.988,17.501,17.229,17.197,0.82
562,3,10.07,-0.81,0.50076,-1.179,3.645,4.841,13.7,0.038,0.0,21.418,20.865,19.913,19.306,19.192,0.501
563,3,10.07,-0.81,0.74246,-0.281,3.753,4.55,13.9,0.038,0.0,19.373,18.853,18.261,17.912,17.864,0.742
564,3,10.07,-0.75,0.58173,-0.917,3.667,4.736,13.8,0.038,0.0,20.863,20.302,19.423,18.851,18.758,0.582
565,3,10.07,-0.63,0.84815,0.133,3.783,4.31,16.7,0.038,0.0,21.136,20.663,20.155,19.869,19.834,0.848
566,3,10.07,-0.61,0.74317,-0.352,3.738,4.559,14.0,0.038,0.0,19.649,19.098,18.462,18.078,18.025,0.743
567,3,10.07,-0.43,0.88396,0.15,3.776,4.284,15.9,0.038,0.0,20.294,19.792,19.27,18.974,18.938,0.884
568,3,10.07,-0.41,0.67516,-0.699,3.684,4.647,14.8,0.038,0.0,21.317,20.743,19.918,19.383,19.305,0.675
569,3,10.07,-0.17,0.54864,-1.179,3.62,4.784,12.5,0.038,0.0,20.217,19.694,18.629,17.966,17.845,0.549
570,3,10.11,-2.67,0.32613,-1.55,3.643,5.019,12.0,0.038,0.0,20.644,20.064,19.152,18.674,18.518,0.326
571,3,10.11,-2.43,0.72482,-0.084,3.797,4.515,14.3,0.038,0.0,19.279,18.92,18.424,18.142,18.11,0.725
572,3,10.11,-2.35,0.74181,0.02,3.806,4.459,15.4,0.038,0.0,20.12,19.78,19.309,19.046,19.018,0.742
573,3,10.11,-2.05,0.39486,-1.39,3.653,4.981,13.2,0.038,0.0,21.445,20.867,19.977,19.483,19.34,0.395
574,3,10.11,-2.03,0.71136,-0.18,3.785,4.558,13.9,0.038,0.0,19.12,18.725,18.202,17.902,17.865,0.711
575,3,10.11,-1.93,0.77372,0.22,3.816,4.317,15.1,0.038,0.0,19.319,18.987,18.549,18.311,18.286,0.774
576,3,10.11,-1.91,0.4632,-1.197,3.666,4.909,13.5,0.038,0.0,21.262,20.686,19.833,19.346,19.218,0.463
577,3,10.11,-1.89,0.76428,0.139,3.811,4.371,14.4,0.038,0.0,18.822,18.478,18.024,17.774,17.748,0.764
578,3,10.11,-1.85,0.49357,-1.105,3.673,4.875,13.5,0.038,0.0,21.033,20.457,19.627,19.145,19.026,0.494
579,3,10.11,-1.85,0.5106,-1.047,3.679,4.856,14.1,0.038,0.0,21.488,20.914,20.102,19.63,19.517,0.511
580,3,10.11,-1.83,0.62141,-0.608,3.735,4.724,12.4,0.038,0.0,18.69,18.174,17.525,17.148,17.078,0.621
581,3,10.11,-1.79,0.2698,-1.702,3.634,5.053,12.5,0.038,0.0,21.525,20.959,20.002,19.468,19.314,0.27
582,3,10.11,-1.77,0.81714,1.525,3.719,2.646,13.3,0.038,0.0,14.258,13.737,13.023,12.58,12.518,0.817
583,3,10.11,-1.77,0.74968,0.021,3.801,4.442,13.8,0.038,0.0,18.518,18.149,17.671,17.402,17.373,0.75
584,3,10.11,-1.75,0.78132,0.255,3.816,4.285,13.2,0.038,0.0,17.331,16.992,16.555,16.319,16.293,0.781
585,3,10.11,-1.69,0.24259,-1.79,3.629,5.073,10.8,0.038,0.0,20.045,19.483,18.507,17.962,17.805,0.243
586,3,10.11,-1.69,0.23075,-1.839,3.626,5.088,12.0,0.038,0.0,21.368,20.807,19.822,19.274,19.114,0.231
587,3,10.11,-1.69,0.68118,-0.352,3.764,4.627,13.8,0.038,0.0,19.449,18.992,18.42,18.088,18.04,0.681
588,3,10.11,-1.63,0.3885,-1.41,3.65,4.982,11.5,0.038,0.0,19.794,19.223,18.313,17.783,17.648,0.389
589,3,10.11,-1.61,0.38642,-1.417,3.649,4.983,12.8,0.038,0.0,21.112,20.542,19.628,19.095,18.959,0.386
590,3,10.11,-1.53,0.49942,-1.103,3.669,4.86,13.6,0.038,0.0,21.126,20.557,19.703,19.189,19.075,0.499
591,3,10.11,-1.51,0.63145,-0.593,3.731,4.703,14.4,0.038,0.0,20.652,20.122,19.465,19.077,19.009,0.631
592,3,10.11,-1.51,0.64832,-0.522,3.741,4.68,15.4,0.038,0.0,21.474,20.961,20.328,19.957,19.894,0.648
593,3,10.11,-1.43,0.58791,-0.78,3.705,4.753,14.4,0.038,0.0,21.12,20.559,19.821,19.378,19.293,0.588
594,3,10.11,-1.41,0.67601,-0.415,3.752,4.638,15.6,0.038,0.0,21.408,20.912,20.312,19.961,19.907,0.676
595,3,10.11,-1.39,0.53789,-0.978,3.679,4.807,14.3,0.038,0.0,21.515,20.947,20.121,19.614,19.513,0.538
596,3,10.11,-1.31,0.58724,-0.795,3.7,4.748,14.4,0.038,0.0,21.158,20.592,19.836,19.376,19.291,0.587
597,3,10.11,-1.31,0.70091,-0.311,3.764,4.595,15.5,0.038,0.0,21.047,20.572,20.002,19.67,19.624,0.701
598,3,10.11,-1.27,0.52577,-1.035,3.669,4.815,13.7,0.038,0.0,21.056,20.491,19.63,19.095,18.989,0.526
599,3,10.11,-1.27,0.7311,-0.165,3.778,4.527,15.4,0.038,0.0,20.582,20.138,19.608,19.303,19.264,0.731
600,3,10.11,-1.27,0.79834,0.267,3.806,4.244,17.2,0.038,0.0,21.304,20.922,20.465,20.215,20.187,0.798
601,3,10.11,-1.21,0.69115,-0.373,3.754,4.612,14.2,0.038,0.0,19.904,19.403,18.808,18.459,18.408,0.691
602,3,10.11,-1.13,0.67139,-0.479,3.738,4.642,14.3,0.038,0.0,20.268,19.738,19.099,18.718,18.659,0.671
603,3,10.11,-1.09,0.56822,-0.901,3.68,4.759,12.5,0.038,0.0,19.522,18.957,18.127,17.603,17.511,0.568
604,3,10.11,-1.07,0.33161,-1.611,3.623,5.005,11.3,0.038,0.0,20.096,19.54,18.535,17.955,17.806,0.332
605,3,10.11,-0.43,0.63293,-0.829,3.667,4.683,13.3,0.038,0.0,20.143,19.58,18.694,18.11,18.022,0.633
606,#TRILEGAL,normally,terminated,,,,,,,,,,,,,
